{
  "n_samples": 22746,
  "sequence_length": 200,
  "hear_loss_mapping": {
    "NORMAL": 0,
    "N\u00d6ROPAT\u0130": 1,
    "SN\u0130K": 2,
    "TOTAL": 3,
    "\u0130T\u0130K": 4
  },
  "normalization_stats": {
    "time_series": {
      "mean": "[ 0.06646413  0.06662213  0.06687127  0.06724431  0.06781874  0.0686395\n  0.06964508  0.07075398  0.07187778  0.07286867  0.07366262  0.07421076\n  0.07457799  0.07490315  0.07536459  0.07620236  0.07758595  0.07963475\n  0.0822753   0.08532674  0.08846637  0.0913208   0.09348843  0.09468373\n  0.09479684  0.09392077  0.09238494  0.09066869  0.08933558  0.08892636\n  0.08981486  0.09208036  0.09553777  0.09967203  0.10381733  0.10721234\n  0.10924377  0.10947855  0.10783646  0.10451525  0.10003218  0.0950117\n  0.09014126  0.08597704  0.08288706  0.0810466   0.08041752  0.08080748\n  0.08195864  0.08357126  0.08539484  0.08720074  0.08882168  0.09015216\n  0.09111181  0.09166645  0.09183605  0.0916617   0.091253    0.09075205\n  0.09036903  0.09031566  0.0908016   0.09201469  0.09406555  0.09701416\n  0.10078586  0.10523226  0.11017268  0.11534076  0.12048876  0.12538578\n  0.1298351   0.13371481  0.13693146  0.13950963  0.1414518   0.14285612\n  0.1437811   0.1443344   0.14460622  0.14468394  0.14462756  0.14451693\n  0.14440992  0.14433378  0.14430761  0.1442997   0.14429149  0.14426427\n  0.14415374  0.14393248  0.14355935  0.14305341  0.14239831  0.14162368\n  0.14071353  0.13967797  0.13851511  0.13718091  0.13563049  0.13380991\n  0.1316603   0.12915888  0.1262534   0.12291902  0.11914539  0.11491547\n  0.11024097  0.10511053  0.099543    0.09355456  0.08719099  0.08049595\n  0.07352067  0.06634969  0.05904836  0.05166825  0.04428585  0.03694944\n  0.02970878  0.02256432  0.01557447  0.00872738  0.00203913 -0.00447384\n -0.01081465 -0.01699842 -0.02303759 -0.02896588 -0.03479583 -0.04057747\n -0.0463271  -0.05206049 -0.05778871 -0.06350462 -0.06920712 -0.07486033\n -0.08044329 -0.08594442 -0.09133641 -0.09661379 -0.10175482 -0.10673846\n -0.11155874 -0.11617444 -0.12057438 -0.12474228 -0.128661   -0.13232234\n -0.13572383 -0.13886833 -0.14175807 -0.14442512 -0.14687747 -0.14913425\n -0.15122984 -0.15318303 -0.15500467 -0.15670845 -0.15826805 -0.15969586\n -0.16096747 -0.16210671 -0.16309372 -0.16395177 -0.16471115 -0.16540614\n -0.1660397  -0.16662581 -0.16717699 -0.16766886 -0.16806494 -0.1683422\n -0.1684992  -0.16850998 -0.1683758  -0.16812393 -0.16774993 -0.16728322\n -0.16672136 -0.1660721  -0.16533227 -0.1645077  -0.16358405 -0.16258524\n -0.16153188 -0.16042927 -0.1592954  -0.15813224 -0.15694967 -0.15573952\n -0.15450044 -0.15324076 -0.15195212 -0.1506403  -0.1493037  -0.14795247\n -0.14657633 -0.14518896]",
      "std": "[0.1052249  0.10513816 0.10511871 0.10513576 0.10521022 0.10551755\n 0.10598695 0.10661849 0.1072817  0.10781908 0.10813812 0.10824164\n 0.10821519 0.10829138 0.10872159 0.10977429 0.11169019 0.11454935\n 0.11809529 0.12177724 0.12484601 0.12666655 0.12691672 0.1256889\n 0.12343074 0.12075381 0.1182491  0.11633296 0.11529193 0.11538329\n 0.11683398 0.11983726 0.1243085  0.1296816  0.13493855 0.13888268\n 0.14057979 0.13970152 0.13656835 0.13206218 0.12725115 0.12298463\n 0.11967877 0.11734816 0.11588921 0.11520844 0.11526681 0.1160565\n 0.11754289 0.11970408 0.12248567 0.12585555 0.12968132 0.13374783\n 0.13775899 0.14140424 0.1443767  0.1465397  0.14780572 0.14821796\n 0.14794724 0.14726648 0.14647545 0.1460047  0.14622371 0.14744918\n 0.1497695  0.15304759 0.15695028 0.16101876 0.16479929 0.16792208\n 0.1701959  0.1715264  0.17195159 0.17156844 0.17046997 0.16876787\n 0.16656686 0.16405192 0.1614142  0.15884137 0.15649931 0.15447576\n 0.15279184 0.15144266 0.15035409 0.14952253 0.14887783 0.14841253\n 0.14815822 0.14814495 0.1484384  0.1490596  0.15004426 0.1513153\n 0.15279832 0.15434606 0.155826   0.15713519 0.15819928 0.15900682\n 0.15960228 0.16006267 0.16044722 0.16082688 0.16122696 0.16165851\n 0.1620981  0.16251305 0.16290273 0.1632571  0.16358301 0.16389398\n 0.16420299 0.16455437 0.16497509 0.16549133 0.16607149 0.16674656\n 0.16747014 0.16820022 0.16891474 0.1696086  0.17028007 0.17094918\n 0.1716281  0.1723168  0.17302124 0.1737389  0.17446706 0.17522278\n 0.17600982 0.17682403 0.17767845 0.17855524 0.17944881 0.18034968\n 0.18123804 0.18210666 0.18295597 0.18378384 0.18462196 0.18549566\n 0.18639371 0.18735102 0.18838668 0.18950586 0.19073182 0.19206813\n 0.19351825 0.19509242 0.19678785 0.19860828 0.20057112 0.20267141\n 0.20493774 0.2073557  0.20992789 0.21269742 0.21563905 0.21876286\n 0.22205621 0.22549732 0.22905521 0.23270428 0.23639281 0.24007073\n 0.24374057 0.24735439 0.250874   0.2542833  0.25755093 0.26062006\n 0.26347375 0.26608858 0.26844692 0.27050683 0.27228695 0.27376476\n 0.27495626 0.27585572 0.27648097 0.27684447 0.27694327 0.27675098\n 0.27627152 0.2754705  0.27433118 0.27283642 0.2710113  0.26887453\n 0.26648924 0.263893   0.26117596 0.25841698 0.2556864  0.2530263\n 0.25049773 0.24812444]"
    },
    "age": {
      "mean": "2.7176206",
      "std": "7.948875"
    },
    "intensity": {
      "mean": "51.223072",
      "std": "25.053688"
    },
    "stimulus_rate": {
      "mean": "33.162254",
      "std": "3.5216346"
    },
    "latency_I Latancy": {
      "mean": "1.5514177",
      "std": "0.4441649"
    },
    "latency_III Latancy": {
      "mean": "4.1139884",
      "std": "0.44724983"
    },
    "latency_V Latancy": {
      "mean": "7.227213",
      "std": "1.4222573"
    },
    "amplitude_I Amplitude": {
      "mean": "0.31284812",
      "std": "0.16346283"
    },
    "amplitude_III Amplitude": {
      "mean": "0.4172593",
      "std": "0.21207826"
    },
    "amplitude_V Amplitude": {
      "mean": "0.23994593",
      "std": "0.16179611"
    }
  },
  "processing_timestamp": "2025-06-09T05:04:21.053006"
}