{
  "mean_real": -0.16043324768543243,
  "mean_generated": -0.02462766505777836,
  "mean_difference": 0.13580557703971863,
  "std_real": 1.1023730039596558,
  "std_generated": 0.7465378642082214,
  "std_difference": 0.3558351397514343,
  "skew_real": -0.7441621370743021,
  "skew_generated": 0.04142964000370003,
  "skew_difference": 0.7855917770780021,
  "kurtosis_real": 2.636871843314708,
  "kurtosis_generated": -1.5087589314790375,
  "kurtosis_difference": 4.145630774793745,
  "wasserstein_distance": 0.3621911485572067,
  "real_peak_count": 3.375,
  "generated_peak_count": 5.3125,
  "real_power": 49638.603053355604,
  "generated_power": 22317.011389808893,
  "power_ratio": 0.44958983567318084,
  "latency_mae": 132.0145777971262,
  "latency_mae_peak_III": 73.47435488800208,
  "latency_mae_peak_V": 141.77128161531357,
  "amplitude_mae": 1.0995937591249292,
  "peak_detection_rate_I": 0.5416666666666666,
  "peak_detection_rate_III": 0.5625,
  "peak_detection_rate_V": 0.7291666666666666,
  "overall_peak_detection_rate": 0.611111111111111,
  "mean_peak_confidence": 0.49225789358794064,
  "min_peak_confidence": 0.0,
  "max_peak_confidence": 1.0
}