{
  "mse": 0.3572022616863251,
  "mae": 0.4202907085418701,
  "psnr": 20.459646550187465,
  "mean_correlation": 0.6164959986519021,
  "std_correlation": 0.3174555771837122,
  "spectral_similarity": 0.9971600218857725
}