{
  "mse": 0.3587131202220917,
  "mae": 0.421588271856308,
  "psnr": 20.44131593414761,
  "mean_correlation": 0.6150927573971833,
  "std_correlation": 0.31701621317742906,
  "spectral_similarity": 0.9971360313601657
}