{
  "mean_real": 0.01871122419834137,
  "mean_generated": 0.03677208721637726,
  "mean_difference": 0.01806086301803589,
  "std_real": 0.8278348445892334,
  "std_generated": 0.7470247745513916,
  "std_difference": 0.0808100700378418,
  "skew_real": 0.07538376962089842,
  "skew_generated": -0.03877681777294866,
  "skew_difference": 0.11416058739384707,
  "kurtosis_real": 0.1967950263240077,
  "kurtosis_generated": -1.5057824803133935,
  "kurtosis_difference": 1.7025775066374012,
  "wasserstein_distance": 0.1881089001557469,
  "real_peak_count": 4.5625,
  "generated_peak_count": 5.895833333333333,
  "real_power": 27426.42497038947,
  "generated_power": 22375.92400357545,
  "power_ratio": 0.8158527415704059,
  "latency_mae": 120.3565489538014,
  "latency_mae_peak_III": 80.7227238625288,
  "latency_mae_peak_V": 138.37192399528894,
  "amplitude_mae": 1.1510404907166958,
  "peak_detection_rate_I": 0.5416666666666666,
  "peak_detection_rate_III": 0.625,
  "peak_detection_rate_V": 0.5625,
  "overall_peak_detection_rate": 0.5763888888888888,
  "mean_peak_confidence": 0.46870377821836573,
  "min_peak_confidence": 0.0,
  "max_peak_confidence": 1.0
}