{
  "mse": 0.35864633321762085,
  "mae": 0.4212828576564789,
  "psnr": 20.442124600638287,
  "mean_correlation": 0.6156763206963822,
  "std_correlation": 0.31765929966075723,
  "spectral_similarity": 0.9971214227817993
}