{
  "mean_real": 0.030373964458703995,
  "mean_generated": -0.027054088190197945,
  "mean_difference": 0.05742805451154709,
  "std_real": 0.7035007476806641,
  "std_generated": 0.7559030055999756,
  "std_difference": 0.05240225791931152,
  "skew_real": 0.5714048513429322,
  "skew_generated": 0.06173455313374691,
  "skew_difference": 0.5096702982091853,
  "kurtosis_real": 2.107475734220613,
  "kurtosis_generated": -1.522726148410333,
  "kurtosis_difference": 3.630201882630946,
  "wasserstein_distance": 0.23520933763032034,
  "real_peak_count": 4.4375,
  "generated_peak_count": 5.020833333333333,
  "real_power": 19833.434651550444,
  "generated_power": 22884.84887158454,
  "power_ratio": 1.1538520318659995,
  "latency_mae": 143.65619357824326,
  "latency_mae_peak_V": 143.65619357824326,
  "amplitude_mae": 1.2570703650922759,
  "peak_detection_rate_I": 0.4166666666666667,
  "peak_detection_rate_III": 0.4791666666666667,
  "peak_detection_rate_V": 0.6458333333333334,
  "overall_peak_detection_rate": 0.513888888888889,
  "mean_peak_confidence": 0.4459158716249701,
  "min_peak_confidence": 0.0,
  "max_peak_confidence": 1.0
}