{
  "mse": 0.358793169260025,
  "mae": 0.4224589765071869,
  "psnr": 20.440346887433737,
  "mean_correlation": 0.6153467508769197,
  "std_correlation": 0.31519966020395496,
  "spectral_similarity": 0.9971307386835977
}