{
  "mean_real": 0.06394890695810318,
  "mean_generated": 0.06607317179441452,
  "mean_difference": 0.0021242648363113403,
  "std_real": 0.8774811625480652,
  "std_generated": 0.7425812482833862,
  "std_difference": 0.13489991426467896,
  "skew_real": 0.3696309120762079,
  "skew_generated": -0.10946043238291558,
  "skew_difference": 0.4790913444591235,
  "kurtosis_real": 0.49844763764743094,
  "kurtosis_generated": -1.473123726946758,
  "kurtosis_difference": 1.971571364594189,
  "wasserstein_distance": 0.2244879046571138,
  "real_peak_count": 4.6875,
  "generated_peak_count": 5.729166666666667,
  "real_power": 30962.505858191886,
  "generated_power": 22231.70502842199,
  "power_ratio": 0.7180202122604644,
  "latency_mae": 115.95525957434438,
  "latency_mae_peak_I": 35.8143205444018,
  "latency_mae_peak_III": 81.42758728563786,
  "latency_mae_peak_V": 135.41564439269513,
  "amplitude_mae": 0.8244721038410296,
  "peak_detection_rate_I": 0.4583333333333333,
  "peak_detection_rate_III": 0.5625,
  "peak_detection_rate_V": 0.7291666666666666,
  "overall_peak_detection_rate": 0.5833333333333334,
  "mean_peak_confidence": 0.5011583066023197,
  "min_peak_confidence": 0.0,
  "max_peak_confidence": 1.0
}