{
  "mse": 0.35593104362487793,
  "mae": 0.4196699559688568,
  "psnr": 20.475129870628038,
  "mean_correlation": 0.6180177010714624,
  "std_correlation": 0.31485724404249577,
  "spectral_similarity": 0.9971821672311941
}